id,store_name,日付,機種,台番,差枚,G数,BB,RB,合成,updated_at
567740,マルハン亀有,2025-02-23,スマスロ ゴッドイーター リザレクション,1020,12800,5672,0,0,-,2025-12-26 09:18:04
567741,マルハン亀有,2025-02-23,スマスロモンキーターンV,628,11400,8297,0,0,-,2025-12-26 09:18:04
567742,マルハン亀有,2025-02-23,スマスロ ゴッドイーター リザレクション,1019,11300,5781,0,0,-,2025-12-26 09:18:04
567743,マルハン亀有,2025-02-23,Lパチスロ革命機ヴァルヴレイヴ,1038,10200,8409,0,0,-,2025-12-26 09:18:04
567744,マルハン亀有,2025-02-23,Lルパン三世 大航海者の秘宝,955,10100,6412,0,0,-,2025-12-26 09:18:04
567745,マルハン亀有,2025-02-23,L東京喰種,605,8400,7773,0,0,-,2025-12-26 09:18:04
567746,マルハン亀有,2025-02-23,チバリヨ2プラス,1007,8300,6099,0,0,-,2025-12-26 09:18:04
567747,マルハン亀有,2025-02-23,Lスマスロ北斗の拳,1001,8200,5167,93,4,1/53,2025-12-26 09:18:04
567748,マルハン亀有,2025-02-23,Lスマスロ北斗の拳,906,8000,5614,95,6,1/56,2025-12-26 09:18:04
567749,マルハン亀有,2025-02-23,Lパチスロ炎炎ノ消防隊,838,7800,8265,0,0,-,2025-12-26 09:18:04
567750,マルハン亀有,2025-02-23,チバリヨ2,1011,7700,3972,0,0,-,2025-12-26 09:18:04
567751,マルハン亀有,2025-02-23,Lスマスロ北斗の拳,914,7500,8335,102,21,1/68,2025-12-26 09:18:04
567752,マルハン亀有,2025-02-23,スマスロ モンスターハンターライズ,602,7200,8173,0,0,-,2025-12-26 09:18:04
567753,マルハン亀有,2025-02-23,Lパチスロからくりサーカス,893,6900,6615,0,0,-,2025-12-26 09:18:04
567754,マルハン亀有,2025-02-23,L東京喰種,614,6800,7620,0,0,-,2025-12-26 09:18:04
567755,マルハン亀有,2025-02-23,チバリヨ2プラス,1004,6800,3241,0,0,-,2025-12-26 09:18:04
567756,マルハン亀有,2025-02-23,スマスロ シャーマンキング,847,6600,4009,0,0,-,2025-12-26 09:18:04
567757,マルハン亀有,2025-02-23,マイジャグラーV,747,6500,9344,52,45,1/96,2025-12-26 09:18:04
567758,マルハン亀有,2025-02-23,L東京喰種,607,6400,7982,0,0,-,2025-12-26 09:18:04
567759,マルハン亀有,2025-02-23,Lスマスロ　キン肉マン～７人の悪魔超人編～,965,6400,3853,0,0,-,2025-12-26 09:18:04
567760,マルハン亀有,2025-02-23,Lスマスロ北斗の拳,913,6300,8900,116,15,1/68,2025-12-26 09:18:04
567761,マルハン亀有,2025-02-23,Lパチスロ革命機ヴァルヴレイヴ,1039,6200,7369,0,0,-,2025-12-26 09:18:04
567762,マルハン亀有,2025-02-23,Lパチスロ ダンベル何キロ持てる？,984,6100,4189,0,0,-,2025-12-26 09:18:04
567763,マルハン亀有,2025-02-23,Lパチスロ革命機ヴァルヴレイヴ,1031,6000,9204,0,0,-,2025-12-26 09:18:04
567764,マルハン亀有,2025-02-23,Lパチスロ炎炎ノ消防隊,837,5900,4770,0,0,-,2025-12-26 09:18:04
567765,マルハン亀有,2025-02-23,スマスロモンキーターンV,648,5500,9414,0,0,-,2025-12-26 09:18:04
567766,マルハン亀有,2025-02-23,Lパチスロからくりサーカス,916,5400,7869,0,0,-,2025-12-26 09:18:04
567767,マルハン亀有,2025-02-23,スマスロモンキーターンV,647,5300,7838,0,0,-,2025-12-26 09:18:04
567768,マルハン亀有,2025-02-23,マイジャグラーV,749,5200,9534,46,54,1/95,2025-12-26 09:18:04
567769,マルハン亀有,2025-02-23,Lパチスロ ダンベル何キロ持てる？,983,5000,4838,0,0,-,2025-12-26 09:18:04
567770,マルハン亀有,2025-02-23,Lスマスロ北斗の拳,996,5000,6070,80,8,1/69,2025-12-26 09:18:04
567771,マルハン亀有,2025-02-23,Lソードアート・オンライン,872,4800,2763,0,0,-,2025-12-26 09:18:04
567772,マルハン亀有,2025-02-23,スマスロ スーパーブラックジャック,654,4600,4536,0,0,-,2025-12-26 09:18:04
567773,マルハン亀有,2025-02-23,Lパチスロ かぐや様は告らせたい,858,4500,10239,0,0,-,2025-12-26 09:18:04
567774,マルハン亀有,2025-02-23,Lスマスロ北斗の拳,995,4400,7016,81,12,1/75,2025-12-26 09:18:04
567775,マルハン亀有,2025-02-23,L ToLOVEるダークネス,592,4300,7198,0,0,-,2025-12-26 09:18:04
567776,マルハン亀有,2025-02-23,Lスマスロ北斗の拳,924,4300,6163,80,11,1/68,2025-12-26 09:18:04
567777,マルハン亀有,2025-02-23,Lパチスロからくりサーカス,917,4300,7251,0,0,-,2025-12-26 09:18:04
567778,マルハン亀有,2025-02-23,スマスロ モンスターハンターライズ,601,4100,7617,0,0,-,2025-12-26 09:18:04
567779,マルハン亀有,2025-02-23,沖ドキ!ゴージャス 25Φ,679,4100,6344,0,0,-,2025-12-26 09:18:04
567780,マルハン亀有,2025-02-23,Lパチスロガールズ＆パンツァー 最終章,991,4100,3299,0,0,-,2025-12-26 09:18:04
567781,マルハン亀有,2025-02-23,スマスロ スーパーブラックジャック,652,3800,5041,0,0,-,2025-12-26 09:18:04
567782,マルハン亀有,2025-02-23,スマスロモンキーターンV,625,3800,7514,0,0,-,2025-12-26 09:18:04
567783,マルハン亀有,2025-02-23,スマスロ聖戦士ダンバイン,641,3700,4967,0,0,-,2025-12-26 09:18:04
567784,マルハン亀有,2025-02-23,マイジャグラーV,748,3600,9660,41,45,1/112,2025-12-26 09:18:04
567785,マルハン亀有,2025-02-23,Lパチスロからくりサーカス,920,3600,8689,0,0,-,2025-12-26 09:18:04
567786,マルハン亀有,2025-02-23,スマスロ モンスターハンターライズ,600,3600,7166,0,0,-,2025-12-26 09:18:04
567787,マルハン亀有,2025-02-23,Lパチスロからくりサーカス,899,3400,7405,0,0,-,2025-12-26 09:18:04
567788,マルハン亀有,2025-02-23,SアイムジャグラーＥＸ,779,3000,8243,42,23,1/127,2025-12-26 09:18:04
567789,マルハン亀有,2025-02-23,スマスロモンキーターンV,629,2900,8793,0,0,-,2025-12-26 09:18:04
567790,マルハン亀有,2025-02-23,Lスマスロ北斗の拳,934,2700,7278,69,22,1/80,2025-12-26 09:18:04
567791,マルハン亀有,2025-02-23,ゴーゴージャグラー３,693,2600,8119,37,33,1/116,2025-12-26 09:18:04
567792,マルハン亀有,2025-02-23,ゴーゴージャグラー３,806,2500,6786,39,19,1/117,2025-12-26 09:18:04
567793,マルハン亀有,2025-02-23,Lソードアート・オンライン,871,2500,2506,0,0,-,2025-12-26 09:18:04
567794,マルハン亀有,2025-02-23,L南国育ち,986,2500,2383,0,0,-,2025-12-26 09:18:04
567795,マルハン亀有,2025-02-23,L ＨＥＹ！エリートサラリーマン鏡,879,2400,8061,0,0,-,2025-12-26 09:18:04
567796,マルハン亀有,2025-02-23,Lパチスロ かぐや様は告らせたい,853,2400,7765,0,0,-,2025-12-26 09:18:04
567797,マルハン亀有,2025-02-23,Lスマスロ北斗の拳,912,2400,7252,75,18,1/78,2025-12-26 09:18:04
567798,マルハン亀有,2025-02-23,沖ドキ!ゴージャス 25Φ,676,2300,5073,0,0,-,2025-12-26 09:18:04
567799,マルハン亀有,2025-02-23,Lスマスロ北斗の拳,908,2300,7216,74,15,1/81,2025-12-26 09:18:04
567800,マルハン亀有,2025-02-23,沖ドキ!ゴージャス 25Φ,681,2300,9114,0,0,-,2025-12-26 09:18:04
567801,マルハン亀有,2025-02-23,Lパチスロ かぐや様は告らせたい,864,2300,9047,0,0,-,2025-12-26 09:18:04
567802,マルハン亀有,2025-02-23,Lぱちスロ乃木坂４６,936,2200,4030,0,0,-,2025-12-26 09:18:04
567803,マルハン亀有,2025-02-23,マイジャグラーV,743,2100,9082,38,34,1/126,2025-12-26 09:18:04
567804,マルハン亀有,2025-02-23,Lソードアート・オンライン,869,2000,3626,0,0,-,2025-12-26 09:18:04
567805,マルハン亀有,2025-02-23,沖ドキ!ゴージャス 25Φ,675,2000,7573,0,0,-,2025-12-26 09:18:04
567806,マルハン亀有,2025-02-23,スマスロモンキーターンV,649,2000,8814,0,0,-,2025-12-26 09:18:04
567807,マルハン亀有,2025-02-23,SアイムジャグラーＥＸ,772,2000,8338,37,19,1/149,2025-12-26 09:18:04
567808,マルハン亀有,2025-02-23,スマスロ モンスターハンターライズ,599,1800,7943,0,0,-,2025-12-26 09:18:04
567809,マルハン亀有,2025-02-23,ジャグラーガールズSS,710,1800,6817,0,0,-,2025-12-26 09:18:04
567810,マルハン亀有,2025-02-23,Lパチスロ シン・エヴァンゲリオン,846,1800,5405,0,0,-,2025-12-26 09:18:04
567811,マルハン亀有,2025-02-23,ゴーゴージャグラー３,802,1800,5694,32,16,1/119,2025-12-26 09:18:04
567812,マルハン亀有,2025-02-23,SアイムジャグラーＥＸ,812,1700,6378,31,20,1/125,2025-12-26 09:18:04
567813,マルハン亀有,2025-02-23,スマスロ痛いのは嫌なので防御力に極振りしたいと思います。,941,1600,6131,0,0,-,2025-12-26 09:18:04
567814,マルハン亀有,2025-02-23,パチスロ　ディスクアップ２,682,1600,7170,29,18,1/153,2025-12-26 09:18:04
567815,マルハン亀有,2025-02-23,Lスマスロ北斗の拳,905,1600,6176,65,7,1/86,2025-12-26 09:18:04
567816,マルハン亀有,2025-02-23,L戦国乙女４　戦乱に閃く炯眼の軍師,617,1500,5991,0,0,-,2025-12-26 09:18:04
567817,マルハン亀有,2025-02-23,SアイムジャグラーＥＸ,773,1500,6090,24,27,1/119,2025-12-26 09:18:04
567818,マルハン亀有,2025-02-23,スマスロモンキーターンV,624,1500,7294,0,0,-,2025-12-26 09:18:04
567819,マルハン亀有,2025-02-23,マイジャグラーV,740,1500,8888,38,27,1/137,2025-12-26 09:18:04
567820,マルハン亀有,2025-02-23,ゴーゴージャグラー３,698,1500,7499,36,24,1/125,2025-12-26 09:18:04
567821,マルハン亀有,2025-02-23,押忍！番長ＺＥＲＯ,635,1400,1904,0,0,-,2025-12-26 09:18:04
567822,マルハン亀有,2025-02-23,スマスロ痛いのは嫌なので防御力に極振りしたいと思います。,942,1400,3241,0,0,-,2025-12-26 09:18:04
567823,マルハン亀有,2025-02-23,L ToLOVEるダークネス,587,1400,5286,0,0,-,2025-12-26 09:18:04
567824,マルハン亀有,2025-02-23,ハッピージャグラーＶＩＩＩ,783,1400,6033,30,13,1/140,2025-12-26 09:18:04
567825,マルハン亀有,2025-02-23,Lスマスロ北斗の拳,932,1300,6538,62,16,1/84,2025-12-26 09:18:04
567826,マルハン亀有,2025-02-23,スマスロ ゴッドイーター リザレクション,1018,1300,5184,0,0,-,2025-12-26 09:18:04
567827,マルハン亀有,2025-02-23,スマスロ スーパーブラックジャック,651,1300,6021,0,0,-,2025-12-26 09:18:04
567828,マルハン亀有,2025-02-23,マイジャグラーV,726,1300,9105,39,29,1/134,2025-12-26 09:18:04
567829,マルハン亀有,2025-02-23,SアイムジャグラーＥＸ,771,1300,6426,27,22,1/131,2025-12-26 09:18:04
567830,マルハン亀有,2025-02-23,スマスロモンキーターンV,643,1300,6878,0,0,-,2025-12-26 09:18:04
567831,マルハン亀有,2025-02-23,A-SLOT+ ディスクアップ ULTRAREMIX,660,1300,6892,27,15,1/164,2025-12-26 09:18:04
567832,マルハン亀有,2025-02-23,パチスロ　甲鉄城のカバネリ,664,1300,5248,0,0,-,2025-12-26 09:18:04
567833,マルハン亀有,2025-02-23,スマスロモンキーターンV,631,1300,6594,0,0,-,2025-12-26 09:18:04
567834,マルハン亀有,2025-02-23,Lパチスロ革命機ヴァルヴレイヴ,1037,1300,5896,0,0,-,2025-12-26 09:18:04
567835,マルハン亀有,2025-02-23,Lパチスロ炎炎ノ消防隊,835,1200,3359,0,0,-,2025-12-26 09:18:04
567836,マルハン亀有,2025-02-23,ゴーゴージャグラー３,694,1200,7515,29,33,1/121,2025-12-26 09:18:04
567837,マルハン亀有,2025-02-23,ゴーゴージャグラー３,700,1100,4859,27,10,1/131,2025-12-26 09:18:04
567838,マルハン亀有,2025-02-23,交響詩篇エウレカセブン HI-EVOLUTION ZERO TYPE-ART,662,1100,5035,0,0,-,2025-12-26 09:18:04
567839,マルハン亀有,2025-02-23,L麻雀格闘倶楽部　覚醒,658,1100,5745,0,0,-,2025-12-26 09:18:04
567840,マルハン亀有,2025-02-23,マイジャグラーV,750,1100,8222,32,31,1/131,2025-12-26 09:18:04
567841,マルハン亀有,2025-02-23,ゴーゴージャグラー３,696,1100,7188,32,24,1/128,2025-12-26 09:18:04
567842,マルハン亀有,2025-02-23,沖ドキ!ゴージャス 25Φ,689,1000,5931,0,0,-,2025-12-26 09:18:04
567843,マルハン亀有,2025-02-23,Lスマスロ北斗の拳,1002,1000,4667,45,8,1/88,2025-12-26 09:18:04
567844,マルハン亀有,2025-02-23,マイジャグラーV,746,1000,6714,33,17,1/134,2025-12-26 09:18:04
567845,マルハン亀有,2025-02-23,ゴーゴージャグラー３,702,1000,6868,34,15,1/140,2025-12-26 09:18:04
567846,マルハン亀有,2025-02-23,スマスロ モンスターハンターライズ,604,1000,5548,0,0,-,2025-12-26 09:18:04
567847,マルハン亀有,2025-02-23,ハッピージャグラーＶＩＩＩ,716,1000,7232,32,21,1/136,2025-12-26 09:18:04
567848,マルハン亀有,2025-02-23,L東京喰種,611,900,7762,0,0,-,2025-12-26 09:18:04
567849,マルハン亀有,2025-02-23,ジャグラーガールズSS,708,900,7961,0,0,-,2025-12-26 09:18:04
567850,マルハン亀有,2025-02-23,沖ドキ!ゴージャス 25Φ,687,900,6258,0,0,-,2025-12-26 09:18:04
567851,マルハン亀有,2025-02-23,スマスロモンキーターンV,630,900,6242,0,0,-,2025-12-26 09:18:04
567852,マルハン亀有,2025-02-23,ゴーゴージャグラー３,699,900,8755,35,36,1/123,2025-12-26 09:18:04
567853,マルハン亀有,2025-02-23,ファンキージャグラー２ＫＴ,770,900,7001,30,23,1/132,2025-12-26 09:18:04
567854,マルハン亀有,2025-02-23,パチスロ　ディスクアップ２,683,900,4970,18,10,1/178,2025-12-26 09:18:04
567855,マルハン亀有,2025-02-23,Lスマスロ北斗の拳,907,900,7457,74,17,1/82,2025-12-26 09:18:04
567856,マルハン亀有,2025-02-23,スマスロ ゴッドイーター リザレクション,1021,800,5738,0,0,-,2025-12-26 09:18:04
567857,マルハン亀有,2025-02-23,Lパチスロ革命機ヴァルヴレイヴ,1033,800,5143,0,0,-,2025-12-26 09:18:04
567858,マルハン亀有,2025-02-23,Lにゃんこ大戦争 超神速,959,800,6654,0,0,-,2025-12-26 09:18:04
567859,マルハン亀有,2025-02-23,Lソードアート・オンライン,870,800,2568,0,0,-,2025-12-26 09:18:04
567860,マルハン亀有,2025-02-23,SアイムジャグラーＥＸ,830,800,4997,25,9,1/147,2025-12-26 09:18:04
567861,マルハン亀有,2025-02-23,ミスタージャグラー,718,800,6755,0,0,-,2025-12-26 09:18:04
567862,マルハン亀有,2025-02-23,L新・必殺仕置人 回胴 CRASH SPEC,963,800,3086,0,0,-,2025-12-26 09:18:04
567863,マルハン亀有,2025-02-23,パチスロ　甲鉄城のカバネリ,670,700,5679,0,0,-,2025-12-26 09:18:04
567864,マルハン亀有,2025-02-23,SアイムジャグラーＥＸ,778,700,6886,29,18,1/147,2025-12-26 09:18:04
567865,マルハン亀有,2025-02-23,ウルトラミラクルジャグラー,703,700,6444,0,0,-,2025-12-26 09:18:04
567866,マルハン亀有,2025-02-23,L ＨＥＹ！エリートサラリーマン鏡,877,700,1326,0,0,-,2025-12-26 09:18:04
567867,マルハン亀有,2025-02-23,L東京喰種,608,700,7845,0,0,-,2025-12-26 09:18:04
567868,マルハン亀有,2025-02-23,パチスロ　甲鉄城のカバネリ,669,700,3562,0,0,-,2025-12-26 09:18:04
567869,マルハン亀有,2025-02-23,ハッピージャグラーＶＩＩＩ,792,600,4727,20,15,1/135,2025-12-26 09:18:04
567870,マルハン亀有,2025-02-23,ハッピージャグラーＶＩＩＩ,788,600,6449,26,22,1/134,2025-12-26 09:18:04
567871,マルハン亀有,2025-02-23,スマスロ頭文字D 2nd,939,600,7194,0,0,-,2025-12-26 09:18:04
567872,マルハン亀有,2025-02-23,Lパチスロ ありふれた職業で世界最強,950,600,6638,0,0,-,2025-12-26 09:18:04
567873,マルハン亀有,2025-02-23,ゴーゴージャグラー３,692,500,7252,26,28,1/134,2025-12-26 09:18:04
567874,マルハン亀有,2025-02-23,L東京喰種,613,500,7473,0,0,-,2025-12-26 09:18:04
567875,マルハン亀有,2025-02-23,L東京喰種,606,500,6550,0,0,-,2025-12-26 09:18:04
567876,マルハン亀有,2025-02-23,ジャグラーガールズSS,709,500,6144,0,0,-,2025-12-26 09:18:04
567877,マルハン亀有,2025-02-23,Lパチスロ かぐや様は告らせたい,854,500,8227,0,0,-,2025-12-26 09:18:04
567878,マルハン亀有,2025-02-23,ファンキージャグラー２ＫＴ,762,500,6364,29,12,1/155,2025-12-26 09:18:04
567879,マルハン亀有,2025-02-23,SアイムジャグラーＥＸ,810,500,5330,21,17,1/140,2025-12-26 09:18:04
567880,マルハン亀有,2025-02-23,ウルトラミラクルジャグラー,705,400,6053,0,0,-,2025-12-26 09:18:04
567881,マルハン亀有,2025-02-23,ゴーゴージャグラー３,804,400,4261,17,13,1/142,2025-12-26 09:18:04
567882,マルハン亀有,2025-02-23,チバリヨ2プラス,1008,400,1534,0,0,-,2025-12-26 09:18:04
567883,マルハン亀有,2025-02-23,マイジャグラーV,721,400,7701,29,27,1/138,2025-12-26 09:18:04
567884,マルハン亀有,2025-02-23,パチスロ　甲鉄城のカバネリ,666,400,2915,0,0,-,2025-12-26 09:18:04
567885,マルハン亀有,2025-02-23,スマスロモンキーターンV,650,300,7111,0,0,-,2025-12-26 09:18:04
567886,マルハン亀有,2025-02-23,スマスロ痛いのは嫌なので防御力に極振りしたいと思います。,945,300,2786,0,0,-,2025-12-26 09:18:04
567887,マルハン亀有,2025-02-23,ハッピージャグラーＶＩＩＩ,714,300,6596,29,15,1/150,2025-12-26 09:18:04
567888,マルハン亀有,2025-02-23,Lパチスロ炎炎ノ消防隊,834,300,5599,0,0,-,2025-12-26 09:18:04
567889,マルハン亀有,2025-02-23,スマスロ モンスターハンターライズ,603,300,6590,0,0,-,2025-12-26 09:18:04
567890,マルハン亀有,2025-02-23,ゴーゴージャグラー３,695,200,2966,13,6,1/156,2025-12-26 09:18:04
567891,マルハン亀有,2025-02-23,スロット Re:ゼロから始める異世界生活 season2,866,200,4326,0,0,-,2025-12-26 09:18:04
567892,マルハン亀有,2025-02-23,Lパチスロからくりサーカス,900,200,4569,0,0,-,2025-12-26 09:18:04
567893,マルハン亀有,2025-02-23,パチスロ　甲鉄城のカバネリ,672,200,5210,0,0,-,2025-12-26 09:18:04
567894,マルハン亀有,2025-02-23,チバリヨ2プラス,1003,200,1082,0,0,-,2025-12-26 09:18:04
567895,マルハン亀有,2025-02-23,L戦国乙女４　戦乱に閃く炯眼の軍師,616,200,4601,0,0,-,2025-12-26 09:18:04
567896,マルハン亀有,2025-02-23,L主役は銭形４,971,200,3021,0,0,-,2025-12-26 09:18:04
567897,マルハン亀有,2025-02-23,ファンキージャグラー２ＫＴ,759,200,2026,9,3,1/169,2025-12-26 09:18:04
567898,マルハン亀有,2025-02-23,ハッピージャグラーＶＩＩＩ,787,200,1975,9,1,1/198,2025-12-26 09:18:04
567899,マルハン亀有,2025-02-23,Lパチスロ シン・エヴァンゲリオン,844,100,355,0,0,-,2025-12-26 09:18:04
567900,マルハン亀有,2025-02-23,Lパチスロ革命機ヴァルヴレイヴ,1030,100,6021,0,0,-,2025-12-26 09:18:04
567901,マルハン亀有,2025-02-23,SアイムジャグラーＥＸ,809,100,3250,14,5,1/171,2025-12-26 09:18:04
567902,マルハン亀有,2025-02-23,Lスマスロ北斗の拳,1000,100,5576,48,7,1/101,2025-12-26 09:18:04
567903,マルハン亀有,2025-02-23,SアイムジャグラーＥＸ,799,100,3749,16,7,1/163,2025-12-26 09:18:04
567904,マルハン亀有,2025-02-23,ファンキージャグラー２ＫＴ,796,100,2793,11,6,1/164,2025-12-26 09:18:04
567905,マルハン亀有,2025-02-23,マイジャグラーV,727,100,9456,37,23,1/158,2025-12-26 09:18:04
567906,マルハン亀有,2025-02-23,スマスロ モンスターハンターライズ,596,0,4470,0,0,-,2025-12-26 09:18:04
567907,マルハン亀有,2025-02-23,マイジャグラーV,728,0,6011,22,15,1/162,2025-12-26 09:18:04
567908,マルハン亀有,2025-02-23,新ハナビ,686,0,5946,0,0,-,2025-12-26 09:18:04
567909,マルハン亀有,2025-02-23,沖ドキ!ゴージャス 25Φ,680,0,3597,0,0,-,2025-12-26 09:18:04
567910,マルハン亀有,2025-02-23,スロットその他機種,1052,0,0,0,0,-,2025-12-26 09:18:04
567911,マルハン亀有,2025-02-23,Lラブ嬢3～Wご指名はいかがですか?～,967,0,5259,0,0,-,2025-12-26 09:18:04
567912,マルハン亀有,2025-02-23,スロットその他機種,1051,0,0,0,0,-,2025-12-26 09:18:04
567913,マルハン亀有,2025-02-23,チバリヨ2プラス,1005,0,1000,0,0,-,2025-12-26 09:18:04
567914,マルハン亀有,2025-02-23,L犬夜叉2,966,0,182,0,0,-,2025-12-26 09:18:04
567915,マルハン亀有,2025-02-23,Lゴジラ対エヴァンゲリオン,968,0,3732,0,0,-,2025-12-26 09:18:04
567916,マルハン亀有,2025-02-23,スロットその他機種,1047,0,0,0,0,-,2025-12-26 09:18:04
567917,マルハン亀有,2025-02-23,スロットその他機種,1048,0,0,0,0,-,2025-12-26 09:18:04
567918,マルハン亀有,2025-02-23,スロットその他機種,1049,0,0,0,0,-,2025-12-26 09:18:04
567919,マルハン亀有,2025-02-23,ファンキージャグラー２ＫＴ,764,0,2122,9,4,1/163,2025-12-26 09:18:04
567920,マルハン亀有,2025-02-23,ゴーゴージャグラー３,803,0,5417,20,19,1/139,2025-12-26 09:18:04
567921,マルハン亀有,2025-02-23,スロットその他機種,1041,0,0,0,0,-,2025-12-26 09:18:04
567922,マルハン亀有,2025-02-23,スロットその他機種,1046,0,0,0,0,-,2025-12-26 09:18:04
567923,マルハン亀有,2025-02-23,押忍！番長4,887,0,3578,0,0,-,2025-12-26 09:18:04
567924,マルハン亀有,2025-02-23,スロットその他機種,1043,0,0,0,0,-,2025-12-26 09:18:04
567925,マルハン亀有,2025-02-23,スロットその他機種,1042,0,0,0,0,-,2025-12-26 09:18:04
567926,マルハン亀有,2025-02-23,スロットその他機種,1044,0,0,0,0,-,2025-12-26 09:18:04
567927,マルハン亀有,2025-02-23,Lスマスロ北斗の拳,904,0,0,0,0,-,2025-12-26 09:18:04
567928,マルハン亀有,2025-02-23,SアイムジャグラーＥＸ,774,0,0,0,0,-,2025-12-26 09:18:04
567929,マルハン亀有,2025-02-23,スロットその他機種,1045,0,0,0,0,-,2025-12-26 09:18:04
567930,マルハン亀有,2025-02-23,スロットその他機種,1050,0,0,0,0,-,2025-12-26 09:18:04
567931,マルハン亀有,2025-02-23,SアイムジャグラーＥＸ,823,-100,6424,24,17,1/157,2025-12-26 09:18:04
567932,マルハン亀有,2025-02-23,押忍！番長4,881,-100,3751,0,0,-,2025-12-26 09:18:04
567933,マルハン亀有,2025-02-23,Lパチスロ革命機ヴァルヴレイヴ,1026,-100,4087,0,0,-,2025-12-26 09:18:04
567934,マルハン亀有,2025-02-23,押忍！番長4,885,-100,5019,0,0,-,2025-12-26 09:18:04
567935,マルハン亀有,2025-02-23,ファンキージャグラー２ＫＴ,756,-100,4719,18,13,1/152,2025-12-26 09:18:04
567936,マルハン亀有,2025-02-23,L ＨＥＹ！エリートサラリーマン鏡,878,-100,2861,0,0,-,2025-12-26 09:18:04
567937,マルハン亀有,2025-02-23,Lスマスロ北斗の拳,927,-100,8637,66,22,1/98,2025-12-26 09:18:04
567938,マルハン亀有,2025-02-23,マイジャグラーV,738,-100,5803,23,15,1/153,2025-12-26 09:18:04
567939,マルハン亀有,2025-02-23,Lスマスロ北斗の拳,922,-100,7247,65,10,1/97,2025-12-26 09:18:04
567940,マルハン亀有,2025-02-23,SアイムジャグラーＥＸ,831,-200,7292,23,28,1/143,2025-12-26 09:18:04
567941,マルハン亀有,2025-02-23,SアイムジャグラーＥＸ,828,-200,1776,6,4,1/178,2025-12-26 09:18:04
567942,マルハン亀有,2025-02-23,A-SLOT+ ディスクアップ ULTRAREMIX,659,-200,7642,25,20,1/170,2025-12-26 09:18:04
567943,マルハン亀有,2025-02-23,SアイムジャグラーＥＸ,776,-200,4569,15,16,1/147,2025-12-26 09:18:04
567944,マルハン亀有,2025-02-23,L戦国乙女４　戦乱に閃く炯眼の軍師,622,-200,7530,0,0,-,2025-12-26 09:18:04
567945,マルハン亀有,2025-02-23,ジャグラーガールズSS,790,-200,3019,0,0,-,2025-12-26 09:18:04
567946,マルハン亀有,2025-02-23,マイジャグラーV,732,-200,4812,20,8,1/172,2025-12-26 09:18:04
567947,マルハン亀有,2025-02-23,ファンキージャグラー２ＫＴ,761,-200,5100,17,16,1/155,2025-12-26 09:18:04
567948,マルハン亀有,2025-02-23,SアイムジャグラーＥＸ,833,-300,5044,17,11,1/180,2025-12-26 09:18:04
567949,マルハン亀有,2025-02-23,ファンキージャグラー２ＫＴ,793,-300,2138,7,5,1/178,2025-12-26 09:18:04
567950,マルハン亀有,2025-02-23,ファンキージャグラー２ＫＴ,755,-300,5073,18,13,1/164,2025-12-26 09:18:04
567951,マルハン亀有,2025-02-23,スマスロモンキーターンV,634,-300,5983,0,0,-,2025-12-26 09:18:04
567952,マルハン亀有,2025-02-23,Lパチスロ ダンベル何キロ持てる？,981,-300,1462,0,0,-,2025-12-26 09:18:04
567953,マルハン亀有,2025-02-23,Lスマスロ転生したらスライムだった件,964,-300,1873,0,0,-,2025-12-26 09:18:04
567954,マルハン亀有,2025-02-23,SアイムジャグラーＥＸ,820,-300,2023,8,2,1/202,2025-12-26 09:18:04
567955,マルハン亀有,2025-02-23,マイジャグラーV,734,-300,7041,28,16,1/160,2025-12-26 09:18:04
567956,マルハン亀有,2025-02-23,Lスマスロ北斗の拳,931,-300,8017,67,22,1/90,2025-12-26 09:18:04
567957,マルハン亀有,2025-02-23,ウルトラミラクルジャグラー,704,-300,2885,0,0,-,2025-12-26 09:18:04
567958,マルハン亀有,2025-02-23,ゴーゴージャグラー３,805,-400,1357,5,0,1/271,2025-12-26 09:18:04
567959,マルハン亀有,2025-02-23,新ハナビ,685,-400,5253,0,0,-,2025-12-26 09:18:04
567960,マルハン亀有,2025-02-23,マイジャグラーV,729,-400,6558,22,19,1/160,2025-12-26 09:18:04
567961,マルハン亀有,2025-02-23,SアイムジャグラーＥＸ,816,-400,2010,7,1,1/251,2025-12-26 09:18:04
567962,マルハン亀有,2025-02-23,ファンキージャグラー２ＫＴ,769,-400,2166,8,4,1/181,2025-12-26 09:18:04
567963,マルハン亀有,2025-02-23,ファンキージャグラー２ＫＴ,754,-400,1707,5,3,1/213,2025-12-26 09:18:04
567964,マルハン亀有,2025-02-23,ハッピージャグラーＶＩＩＩ,785,-400,4233,16,11,1/157,2025-12-26 09:18:04
567965,マルハン亀有,2025-02-23,マイジャグラーV,724,-400,8078,26,29,1/147,2025-12-26 09:18:04
567966,マルハン亀有,2025-02-23,チバリヨ2,1010,-400,433,0,0,-,2025-12-26 09:18:04
567967,マルハン亀有,2025-02-23,ファンキージャグラー２ＫＴ,757,-400,5654,19,15,1/166,2025-12-26 09:18:04
567968,マルハン亀有,2025-02-23,ハッピージャグラーＶＩＩＩ,786,-400,4922,16,15,1/159,2025-12-26 09:18:04
567969,マルハン亀有,2025-02-23,ジャグラーガールズSS,712,-500,6687,0,0,-,2025-12-26 09:18:04
567970,マルハン亀有,2025-02-23,マイジャグラーV,745,-500,8088,30,17,1/172,2025-12-26 09:18:04
567971,マルハン亀有,2025-02-23,ハッピージャグラーＶＩＩＩ,782,-500,1218,3,3,1/203,2025-12-26 09:18:04
567972,マルハン亀有,2025-02-23,Lパチスロ革命機ヴァルヴレイヴ,1025,-500,1698,0,0,-,2025-12-26 09:18:04
567973,マルハン亀有,2025-02-23,ミスタージャグラー,720,-500,3825,0,0,-,2025-12-26 09:18:04
567974,マルハン亀有,2025-02-23,ミスタージャグラー,719,-500,2089,0,0,-,2025-12-26 09:18:04
567975,マルハン亀有,2025-02-23,パチスロ　甲鉄城のカバネリ,671,-500,5388,0,0,-,2025-12-26 09:18:04
567976,マルハン亀有,2025-02-23,Lパチスロからくりサーカス,918,-500,7420,0,0,-,2025-12-26 09:18:04
567977,マルハン亀有,2025-02-23,チバリヨ2,1012,-500,1555,0,0,-,2025-12-26 09:18:04
567978,マルハン亀有,2025-02-23,Lサラリーマン金太郎,980,-500,5891,0,0,-,2025-12-26 09:18:04
567979,マルハン亀有,2025-02-23,Lパチスロ革命機ヴァルヴレイヴ,1028,-500,4007,0,0,-,2025-12-26 09:18:04
567980,マルハン亀有,2025-02-23,スマスロ スーパーブラックジャック,657,-500,5402,0,0,-,2025-12-26 09:18:04
567981,マルハン亀有,2025-02-23,Lスマスロ北斗の拳,929,-500,7927,67,19,1/92,2025-12-26 09:18:04
567982,マルハン亀有,2025-02-23,マイジャグラーV,730,-500,4530,17,7,1/189,2025-12-26 09:18:04
567983,マルハン亀有,2025-02-23,ファンキージャグラー２ＫＴ,767,-600,4220,13,13,1/162,2025-12-26 09:18:04
567984,マルハン亀有,2025-02-23,ファンキージャグラー２ＫＴ,794,-600,2060,7,3,1/206,2025-12-26 09:18:04
567985,マルハン亀有,2025-02-23,SアイムジャグラーＥＸ,826,-600,996,2,0,1/498,2025-12-26 09:18:04
567986,マルハン亀有,2025-02-23,パチスロハイパーラッシュ,684,-600,6006,0,0,-,2025-12-26 09:18:04
567987,マルハン亀有,2025-02-23,パチスロ炎炎ノ消防隊,661,-600,4120,0,0,-,2025-12-26 09:18:04
567988,マルハン亀有,2025-02-23,スマスロモンキーターンV,642,-600,4047,0,0,-,2025-12-26 09:18:04
567989,マルハン亀有,2025-02-23,Lパチスロ炎炎ノ消防隊,841,-600,607,0,0,-,2025-12-26 09:18:04
567990,マルハン亀有,2025-02-23,麻雀格闘倶楽部参,663,-600,5066,0,0,-,2025-12-26 09:18:04
567991,マルハン亀有,2025-02-23,Lパチスロ炎炎ノ消防隊,840,-600,6166,0,0,-,2025-12-26 09:18:04
567992,マルハン亀有,2025-02-23,ゴーゴージャグラー３,691,-600,4694,17,14,1/151,2025-12-26 09:18:04
567993,マルハン亀有,2025-02-23,スロット Re:ゼロから始める異世界生活 season2,867,-600,2703,0,0,-,2025-12-26 09:18:04
567994,マルハン亀有,2025-02-23,スマスロ 一方通行 とある魔術の禁書目録,954,-700,2577,0,0,-,2025-12-26 09:18:04
567995,マルハン亀有,2025-02-23,スマスロ頭文字D 2nd,938,-700,8552,0,0,-,2025-12-26 09:18:04
567996,マルハン亀有,2025-02-23,SアイムジャグラーＥＸ,811,-700,2647,6,7,1/204,2025-12-26 09:18:04
567997,マルハン亀有,2025-02-23,パチスロ　甲鉄城のカバネリ,667,-700,6003,0,0,-,2025-12-26 09:18:04
567998,マルハン亀有,2025-02-23,SアイムジャグラーＥＸ,821,-700,3698,11,10,1/176,2025-12-26 09:18:04
567999,マルハン亀有,2025-02-23,ファンキージャグラー２ＫＴ,766,-700,5240,18,14,1/164,2025-12-26 09:18:04
568000,マルハン亀有,2025-02-23,SアイムジャグラーＥＸ,819,-700,4034,15,7,1/183,2025-12-26 09:18:04
568001,マルハン亀有,2025-02-23,スマスロ ゴッドイーター リザレクション,1015,-700,6228,0,0,-,2025-12-26 09:18:04
568002,マルハン亀有,2025-02-23,ウルトラミラクルジャグラー,707,-700,5635,0,0,-,2025-12-26 09:18:04
568003,マルハン亀有,2025-02-23,ファンキージャグラー２ＫＴ,795,-700,3704,11,8,1/195,2025-12-26 09:18:04
568004,マルハン亀有,2025-02-23,Lパチスロ革命機ヴァルヴレイヴ,1027,-700,3846,0,0,-,2025-12-26 09:18:04
568005,マルハン亀有,2025-02-23,ゴーゴージャグラー３,697,-700,3708,11,12,1/161,2025-12-26 09:18:04
568006,マルハン亀有,2025-02-23,L ToLOVEるダークネス,590,-700,8154,0,0,-,2025-12-26 09:18:04
568007,マルハン亀有,2025-02-23,SアイムジャグラーＥＸ,818,-800,1840,5,1,1/307,2025-12-26 09:18:04
568008,マルハン亀有,2025-02-23,押忍！番長ＺＥＲＯ,638,-800,2976,0,0,-,2025-12-26 09:18:04
568009,マルハン亀有,2025-02-23,Lパチスロからくりサーカス,915,-800,7855,0,0,-,2025-12-26 09:18:04
568010,マルハン亀有,2025-02-23,ゴーゴージャグラー３,801,-800,1776,4,5,1/197,2025-12-26 09:18:04
568011,マルハン亀有,2025-02-23,マイジャグラーV,722,-800,3535,13,2,1/236,2025-12-26 09:18:04
568012,マルハン亀有,2025-02-23,マイジャグラーV,741,-800,6084,23,10,1/184,2025-12-26 09:18:04
568013,マルハン亀有,2025-02-23,L主役は銭形４,972,-800,3405,0,0,-,2025-12-26 09:18:04
568014,マルハン亀有,2025-02-23,押忍！番長ＺＥＲＯ,637,-800,2998,0,0,-,2025-12-26 09:18:04
568015,マルハン亀有,2025-02-23,ゴーゴージャグラー３,701,-800,1975,5,7,1/165,2025-12-26 09:18:04
568016,マルハン亀有,2025-02-23,ファンキージャグラー２ＫＴ,758,-800,1893,5,1,1/316,2025-12-26 09:18:04
568017,マルハン亀有,2025-02-23,マイジャグラーV,739,-800,5153,19,7,1/198,2025-12-26 09:18:04
568018,マルハン亀有,2025-02-23,ウルトラミラクルジャグラー,706,-800,4480,0,0,-,2025-12-26 09:18:04
568019,マルハン亀有,2025-02-23,ミスタージャグラー,717,-900,2239,0,0,-,2025-12-26 09:18:04
568020,マルハン亀有,2025-02-23,Lパチスロ炎炎ノ消防隊,836,-900,2117,0,0,-,2025-12-26 09:18:04
568021,マルハン亀有,2025-02-23,ファンキージャグラー２ＫＴ,768,-900,3622,12,5,1/213,2025-12-26 09:18:04
568022,マルハン亀有,2025-02-23,ファンキージャグラー２ＫＴ,752,-900,4976,17,10,1/184,2025-12-26 09:18:04
568023,マルハン亀有,2025-02-23,ハッピージャグラーＶＩＩＩ,715,-900,5496,17,16,1/167,2025-12-26 09:18:04
568024,マルハン亀有,2025-02-23,スマスロモンキーターンV,626,-900,6161,0,0,-,2025-12-26 09:18:04
568025,マルハン亀有,2025-02-23,ハッピージャグラーＶＩＩＩ,784,-900,1872,4,2,1/312,2025-12-26 09:18:04
568026,マルハン亀有,2025-02-23,SアイムジャグラーＥＸ,822,-900,4406,14,10,1/184,2025-12-26 09:18:04
568027,マルハン亀有,2025-02-23,Lスマスロ北斗の拳,925,-900,5874,46,9,1/107,2025-12-26 09:18:04
568028,マルハン亀有,2025-02-23,SアイムジャグラーＥＸ,800,-900,2887,8,7,1/192,2025-12-26 09:18:04
568029,マルハン亀有,2025-02-23,SアイムジャグラーＥＸ,814,-900,1939,6,2,1/242,2025-12-26 09:18:04
568030,マルハン亀有,2025-02-23,スロット ゾンビランドサガ,876,-900,7188,0,0,-,2025-12-26 09:18:04
568031,マルハン亀有,2025-02-23,マイジャグラーV,737,-900,6187,18,20,1/163,2025-12-26 09:18:04
568032,マルハン亀有,2025-02-23,Lスマスロ北斗の拳,910,-1000,7354,61,14,1/98,2025-12-26 09:18:04
568033,マルハン亀有,2025-02-23,SアイムジャグラーＥＸ,813,-1000,3928,10,12,1/179,2025-12-26 09:18:04
568034,マルハン亀有,2025-02-23,スロット ゾンビランドサガ,874,-1000,1552,0,0,-,2025-12-26 09:18:04
568035,マルハン亀有,2025-02-23,ジャグラーガールズSS,789,-1000,2378,0,0,-,2025-12-26 09:18:04
568036,マルハン亀有,2025-02-23,Lパチスロ ダンベル何キロ持てる？,982,-1000,4424,0,0,-,2025-12-26 09:18:04
568037,マルハン亀有,2025-02-23,ファンキージャグラー２ＫＴ,765,-1000,1740,3,4,1/249,2025-12-26 09:18:04
568038,マルハン亀有,2025-02-23,SアイムジャグラーＥＸ,827,-1000,5685,19,13,1/178,2025-12-26 09:18:04
568039,マルハン亀有,2025-02-23,マイジャグラーV,733,-1000,5459,18,9,1/202,2025-12-26 09:18:04
568040,マルハン亀有,2025-02-23,ファンキージャグラー２ＫＴ,760,-1000,4976,16,10,1/191,2025-12-26 09:18:04
568041,マルハン亀有,2025-02-23,スマスロ モンスターハンターライズ,595,-1000,6065,0,0,-,2025-12-26 09:18:04
568042,マルハン亀有,2025-02-23,Lパチスロ かぐや様は告らせたい,863,-1000,5984,0,0,-,2025-12-26 09:18:04
568043,マルハン亀有,2025-02-23,Lルパン三世 大航海者の秘宝,958,-1000,5055,0,0,-,2025-12-26 09:18:04
568044,マルハン亀有,2025-02-23,スマスロ ゴッドイーター リザレクション,1017,-1000,5681,0,0,-,2025-12-26 09:18:04
568045,マルハン亀有,2025-02-23,ファンキージャグラー２ＫＴ,763,-1000,2355,6,7,1/181,2025-12-26 09:18:04
568046,マルハン亀有,2025-02-23,L主役は銭形４,969,-1000,3910,0,0,-,2025-12-26 09:18:04
568047,マルハン亀有,2025-02-23,スマスロ ゴールデンカムイ,985,-1100,3186,0,0,-,2025-12-26 09:18:04
568048,マルハン亀有,2025-02-23,ゴーゴージャグラー３,807,-1100,4722,15,13,1/169,2025-12-26 09:18:04
568049,マルハン亀有,2025-02-23,SアイムジャグラーＥＸ,777,-1100,3444,10,5,1/230,2025-12-26 09:18:04
568050,マルハン亀有,2025-02-23,マイジャグラーV,744,-1100,6698,25,9,1/197,2025-12-26 09:18:04
568051,マルハン亀有,2025-02-23,ハッピージャグラーＶＩＩＩ,791,-1100,1027,0,0,-,2025-12-26 09:18:04
568052,マルハン亀有,2025-02-23,Lサラリーマン金太郎,979,-1100,1219,0,0,-,2025-12-26 09:18:04
568053,マルハン亀有,2025-02-23,Lパチスロ かぐや様は告らせたい,860,-1100,4984,0,0,-,2025-12-26 09:18:04
568054,マルハン亀有,2025-02-23,Lパチスロからくりサーカス,891,-1100,5003,0,0,-,2025-12-26 09:18:04
568055,マルハン亀有,2025-02-23,押忍！番長ＺＥＲＯ,636,-1100,7463,0,0,-,2025-12-26 09:18:04
568056,マルハン亀有,2025-02-23,押忍！番長4,882,-1100,3706,0,0,-,2025-12-26 09:18:04
568057,マルハン亀有,2025-02-23,SアイムジャグラーＥＸ,815,-1100,4492,14,15,1/155,2025-12-26 09:18:04
568058,マルハン亀有,2025-02-23,SアイムジャグラーＥＸ,829,-1200,3683,8,11,1/194,2025-12-26 09:18:04
568059,マルハン亀有,2025-02-23,マイジャグラーV,723,-1200,6785,20,19,1/174,2025-12-26 09:18:04
568060,マルハン亀有,2025-02-23,Lスマスロ北斗の拳,903,-1200,6496,47,12,1/110,2025-12-26 09:18:04
568061,マルハン亀有,2025-02-23,Lパチスロ シン・エヴァンゲリオン,845,-1200,3444,0,0,-,2025-12-26 09:18:04
568062,マルハン亀有,2025-02-23,SアイムジャグラーＥＸ,832,-1200,2642,4,8,1/220,2025-12-26 09:18:04
568063,マルハン亀有,2025-02-23,チバリヨ2,1009,-1200,907,0,0,-,2025-12-26 09:18:04
568064,マルハン亀有,2025-02-23,ハッピージャグラーＶＩＩＩ,781,-1200,1738,2,4,1/290,2025-12-26 09:18:04
568065,マルハン亀有,2025-02-23,マイジャグラーV,742,-1200,4042,12,7,1/213,2025-12-26 09:18:04
568066,マルハン亀有,2025-02-23,Lパチスロ革命機ヴァルヴレイヴ,1034,-1200,2591,0,0,-,2025-12-26 09:18:04
568067,マルハン亀有,2025-02-23,スマスロ モンスターハンターライズ,594,-1200,4706,0,0,-,2025-12-26 09:18:04
568068,マルハン亀有,2025-02-23,L主役は銭形４,973,-1200,1352,0,0,-,2025-12-26 09:18:04
568069,マルハン亀有,2025-02-23,Lパチスロ革命機ヴァルヴレイヴ,1036,-1200,1942,0,0,-,2025-12-26 09:18:04
568070,マルハン亀有,2025-02-23,L大工の源さん超夢源,962,-1200,1731,0,0,-,2025-12-26 09:18:04
568071,マルハン亀有,2025-02-23,スーパービンゴネオ,976,-1200,6192,0,0,-,2025-12-26 09:18:04
568072,マルハン亀有,2025-02-23,スマスロ痛いのは嫌なので防御力に極振りしたいと思います。,944,-1200,3006,0,0,-,2025-12-26 09:18:04
568073,マルハン亀有,2025-02-23,Lぱちスロ乃木坂４６,937,-1300,2579,0,0,-,2025-12-26 09:18:04
568074,マルハン亀有,2025-02-23,チバリヨ2プラス,1006,-1300,815,0,0,-,2025-12-26 09:18:04
568075,マルハン亀有,2025-02-23,ファンキージャグラー２ＫＴ,753,-1300,6072,20,13,1/184,2025-12-26 09:18:04
568076,マルハン亀有,2025-02-23,SアイムジャグラーＥＸ,825,-1300,8376,26,26,1/161,2025-12-26 09:18:04
568077,マルハン亀有,2025-02-23,Lスマスロ北斗の拳,993,-1300,4464,28,7,1/128,2025-12-26 09:18:04
568078,マルハン亀有,2025-02-23,ゴーゴージャグラー３,808,-1300,3296,9,7,1/206,2025-12-26 09:18:04
568079,マルハン亀有,2025-02-23,スマスロ痛いのは嫌なので防御力に極振りしたいと思います。,943,-1300,2218,0,0,-,2025-12-26 09:18:04
568080,マルハン亀有,2025-02-23,ゴーゴージャグラー３,690,-1300,7104,24,23,1/151,2025-12-26 09:18:04
568081,マルハン亀有,2025-02-23,Lパチスロからくりサーカス,897,-1300,5673,0,0,-,2025-12-26 09:18:04
568082,マルハン亀有,2025-02-23,Lにゃんこ大戦争 超神速,960,-1300,4405,0,0,-,2025-12-26 09:18:04
568083,マルハン亀有,2025-02-23,スマスロ痛いのは嫌なので防御力に極振りしたいと思います。,946,-1400,4566,0,0,-,2025-12-26 09:18:04
568084,マルハン亀有,2025-02-23,SアイムジャグラーＥＸ,775,-1400,3878,10,5,1/259,2025-12-26 09:18:04
568085,マルハン亀有,2025-02-23,ファンキージャグラー２ＫＴ,751,-1400,4619,12,14,1/178,2025-12-26 09:18:04
568086,マルハン亀有,2025-02-23,スマスロモンキーターンV,633,-1400,5257,0,0,-,2025-12-26 09:18:04
568087,マルハン亀有,2025-02-23,マイジャグラーV,735,-1500,6107,16,17,1/185,2025-12-26 09:18:04
568088,マルハン亀有,2025-02-23,Lスマスロ北斗の拳,930,-1500,5600,38,9,1/119,2025-12-26 09:18:04
568089,マルハン亀有,2025-02-23,Lスマスロ北斗の拳,909,-1500,6650,43,16,1/113,2025-12-26 09:18:04
568090,マルハン亀有,2025-02-23,Lパチスロからくりサーカス,892,-1500,5650,0,0,-,2025-12-26 09:18:04
568091,マルハン亀有,2025-02-23,Lマジカルハロウィン8,988,-1500,5013,0,0,-,2025-12-26 09:18:04
568092,マルハン亀有,2025-02-23,L戦国乙女４　戦乱に閃く炯眼の軍師,618,-1500,3362,0,0,-,2025-12-26 09:18:04
568093,マルハン亀有,2025-02-23,スロット ゾンビランドサガ,875,-1500,4368,0,0,-,2025-12-26 09:18:04
568094,マルハン亀有,2025-02-23,Lパチスロ炎炎ノ消防隊,839,-1500,1895,0,0,-,2025-12-26 09:18:04
568095,マルハン亀有,2025-02-23,Lパチスロ かぐや様は告らせたい,859,-1500,4995,0,0,-,2025-12-26 09:18:04
568096,マルハン亀有,2025-02-23,ハッピージャグラーＶＩＩＩ,713,-1600,3914,10,7,1/230,2025-12-26 09:18:04
568097,マルハン亀有,2025-02-23,マイジャグラーV,731,-1600,4868,12,13,1/195,2025-12-26 09:18:04
568098,マルハン亀有,2025-02-23,マイジャグラーV,725,-1600,4000,11,4,1/267,2025-12-26 09:18:04
568099,マルハン亀有,2025-02-23,スマスロ モンスターハンターライズ,593,-1600,7632,0,0,-,2025-12-26 09:18:04
568100,マルハン亀有,2025-02-23,Lパチスロ革命機ヴァルヴレイヴ,1040,-1600,4159,0,0,-,2025-12-26 09:18:04
568101,マルハン亀有,2025-02-23,スマスロモンキーターンV,644,-1600,5056,0,0,-,2025-12-26 09:18:04
568102,マルハン亀有,2025-02-23,押忍！番長ＺＥＲＯ,639,-1600,5218,0,0,-,2025-12-26 09:18:04
568103,マルハン亀有,2025-02-23,スマスロ ゴッドイーター リザレクション,1014,-1600,5301,0,0,-,2025-12-26 09:18:04
568104,マルハン亀有,2025-02-23,ジャグラーガールズSS,711,-1600,5673,0,0,-,2025-12-26 09:18:04
568105,マルハン亀有,2025-02-23,Lスマスロ北斗の拳,999,-1600,7545,53,18,1/106,2025-12-26 09:18:04
568106,マルハン亀有,2025-02-23,Lスマスロ北斗の拳,923,-1600,5151,36,10,1/112,2025-12-26 09:18:04
568107,マルハン亀有,2025-02-23,SアイムジャグラーＥＸ,824,-1600,1769,2,3,1/354,2025-12-26 09:18:04
568108,マルハン亀有,2025-02-23,押忍！番長4,883,-1600,6934,0,0,-,2025-12-26 09:18:04
568109,マルハン亀有,2025-02-23,スマスロ バイオハザード ヴィレッジ,987,-1700,4252,0,0,-,2025-12-26 09:18:04
568110,マルハン亀有,2025-02-23,マイジャグラーV,736,-1700,4330,11,8,1/228,2025-12-26 09:18:04
568111,マルハン亀有,2025-02-23,Lスマスロ北斗の拳,998,-1700,7095,51,13,1/111,2025-12-26 09:18:04
568112,マルハン亀有,2025-02-23,Lパチスロ ありふれた職業で世界最強,948,-1700,5184,0,0,-,2025-12-26 09:18:04
568113,マルハン亀有,2025-02-23,沖ドキ!ゴージャス 25Φ,677,-1800,7801,0,0,-,2025-12-26 09:18:04
568114,マルハン亀有,2025-02-23,Lスマスロ北斗の拳,933,-1800,8627,57,19,1/114,2025-12-26 09:18:04
568115,マルハン亀有,2025-02-23,Lスマスロとある魔術の禁書目録,989,-1800,3564,0,0,-,2025-12-26 09:18:04
568116,マルハン亀有,2025-02-23,Lパチスロ ありふれた職業で世界最強,947,-1800,6442,0,0,-,2025-12-26 09:18:04
568117,マルハン亀有,2025-02-23,ファンキージャグラー２ＫＴ,797,-1800,3022,6,3,1/336,2025-12-26 09:18:04
568118,マルハン亀有,2025-02-23,スマスロモンキーターンV,627,-1900,9329,0,0,-,2025-12-26 09:18:04
568119,マルハン亀有,2025-02-23,L ＨＥＹ！エリートサラリーマン鏡,880,-1900,4629,0,0,-,2025-12-26 09:18:04
568120,マルハン亀有,2025-02-23,SアイムジャグラーＥＸ,798,-1900,2865,5,5,1/287,2025-12-26 09:18:04
568121,マルハン亀有,2025-02-23,パチスロ　甲鉄城のカバネリ,668,-1900,3246,0,0,-,2025-12-26 09:18:04
568122,マルハン亀有,2025-02-23,Lスマスロ北斗の拳,994,-2000,7003,44,15,1/119,2025-12-26 09:18:04
568123,マルハン亀有,2025-02-23,押忍！番長4,889,-2000,6344,0,0,-,2025-12-26 09:18:04
568124,マルハン亀有,2025-02-23,Lパチスロ かぐや様は告らせたい,865,-2000,4874,0,0,-,2025-12-26 09:18:04
568125,マルハン亀有,2025-02-23,Lパチスロ マクロスフロンティア4,990,-2000,3840,0,0,-,2025-12-26 09:18:04
568126,マルハン亀有,2025-02-23,L戦国乙女４　戦乱に閃く炯眼の軍師,620,-2100,2140,0,0,-,2025-12-26 09:18:04
568127,マルハン亀有,2025-02-23,スロット ゾンビランドサガ,873,-2100,4050,0,0,-,2025-12-26 09:18:04
568128,マルハン亀有,2025-02-23,L ToLOVEるダークネス,591,-2100,4171,0,0,-,2025-12-26 09:18:04
568129,マルハン亀有,2025-02-23,Lパチスロ シン・エヴァンゲリオン,842,-2100,4690,0,0,-,2025-12-26 09:18:04
568130,マルハン亀有,2025-02-23,スマスロモンキーターンV,632,-2100,4834,0,0,-,2025-12-26 09:18:04
568131,マルハン亀有,2025-02-23,L主役は銭形４,970,-2200,2833,0,0,-,2025-12-26 09:18:04
568132,マルハン亀有,2025-02-23,L戦国乙女４　戦乱に閃く炯眼の軍師,619,-2200,4674,0,0,-,2025-12-26 09:18:04
568133,マルハン亀有,2025-02-23,Lパチスロからくりサーカス,890,-2200,4979,0,0,-,2025-12-26 09:18:04
568134,マルハン亀有,2025-02-23,スロット Re:ゼロから始める異世界生活 season2,868,-2200,4341,0,0,-,2025-12-26 09:18:04
568135,マルハン亀有,2025-02-23,L東京喰種,609,-2200,6919,0,0,-,2025-12-26 09:18:04
568136,マルハン亀有,2025-02-23,スマスロ ゴッドイーター リザレクション,1022,-2300,5700,0,0,-,2025-12-26 09:18:04
568137,マルハン亀有,2025-02-23,押忍！番長4,886,-2300,4562,0,0,-,2025-12-26 09:18:04
568138,マルハン亀有,2025-02-23,スマスロ シャーマンキング,848,-2300,4898,0,0,-,2025-12-26 09:18:04
568139,マルハン亀有,2025-02-23,SアイムジャグラーＥＸ,817,-2300,6252,14,17,1/202,2025-12-26 09:18:04
568140,マルハン亀有,2025-02-23,Lサラリーマン金太郎,978,-2300,2567,0,0,-,2025-12-26 09:18:04
568141,マルハン亀有,2025-02-23,L ToLOVEるダークネス,588,-2300,2849,0,0,-,2025-12-26 09:18:04
568142,マルハン亀有,2025-02-23,Lパチスロ ありふれた職業で世界最強,949,-2400,5751,0,0,-,2025-12-26 09:18:04
568143,マルハン亀有,2025-02-23,Lパチスロ シン・エヴァンゲリオン,843,-2400,3084,0,0,-,2025-12-26 09:18:04
568144,マルハン亀有,2025-02-23,Lスマスロ北斗の拳,921,-2400,4359,24,6,1/145,2025-12-26 09:18:04
568145,マルハン亀有,2025-02-23,Lスマスロ北斗の拳,911,-2400,5857,36,10,1/127,2025-12-26 09:18:04
568146,マルハン亀有,2025-02-23,スマスロ シャーマンキング,851,-2400,5571,0,0,-,2025-12-26 09:18:04
568147,マルハン亀有,2025-02-23,Lパチスロ革命機ヴァルヴレイヴ,1024,-2500,6295,0,0,-,2025-12-26 09:18:04
568148,マルハン亀有,2025-02-23,Lパチスロからくりサーカス,895,-2500,6143,0,0,-,2025-12-26 09:18:04
568149,マルハン亀有,2025-02-23,押忍！番長4,884,-2500,4666,0,0,-,2025-12-26 09:18:04
568150,マルハン亀有,2025-02-23,Lスマスロ北斗の拳,928,-2500,6216,35,14,1/127,2025-12-26 09:18:04
568151,マルハン亀有,2025-02-23,Lパチスロ ありふれた職業で世界最強,951,-2600,5249,0,0,-,2025-12-26 09:18:04
568152,マルハン亀有,2025-02-23,Lパチスロ かぐや様は告らせたい,861,-2600,4862,0,0,-,2025-12-26 09:18:04
568153,マルハン亀有,2025-02-23,スマスロ モンスターハンターライズ,598,-2600,6335,0,0,-,2025-12-26 09:18:04
568154,マルハン亀有,2025-02-23,Lスマスロ北斗の拳,992,-2700,6608,37,13,1/132,2025-12-26 09:18:04
568155,マルハン亀有,2025-02-23,Lパチスロ革命機ヴァルヴレイヴ,1032,-2700,8584,0,0,-,2025-12-26 09:18:04
568156,マルハン亀有,2025-02-23,スマスロモンキーターンV,623,-2700,6615,0,0,-,2025-12-26 09:18:04
568157,マルハン亀有,2025-02-23,L東京喰種,612,-2800,7279,0,0,-,2025-12-26 09:18:04
568158,マルハン亀有,2025-02-23,Lスマスロ北斗の拳,926,-2800,3664,14,5,1/193,2025-12-26 09:18:04
568159,マルハン亀有,2025-02-23,Lパチスロ かぐや様は告らせたい,852,-2800,4011,0,0,-,2025-12-26 09:18:04
568160,マルハン亀有,2025-02-23,スマスロモンキーターンV,645,-2900,3731,0,0,-,2025-12-26 09:18:04
568161,マルハン亀有,2025-02-23,Lにゃんこ大戦争 超神速,961,-2900,7078,0,0,-,2025-12-26 09:18:04
568162,マルハン亀有,2025-02-23,スマスロモンキーターンV,646,-2900,2915,0,0,-,2025-12-26 09:18:04
568163,マルハン亀有,2025-02-23,スマスロ ゴッドイーター リザレクション,1023,-2900,6616,0,0,-,2025-12-26 09:18:04
568164,マルハン亀有,2025-02-23,Lスマスロ北斗の拳,997,-2900,5046,28,10,1/133,2025-12-26 09:18:04
568165,マルハン亀有,2025-02-23,Lパチスロからくりサーカス,894,-2900,6432,0,0,-,2025-12-26 09:18:04
568166,マルハン亀有,2025-02-23,Lパチスロからくりサーカス,902,-3000,6495,0,0,-,2025-12-26 09:18:04
568167,マルハン亀有,2025-02-23,Lパチスロ かぐや様は告らせたい,862,-3000,5784,0,0,-,2025-12-26 09:18:04
568168,マルハン亀有,2025-02-23,押忍！番長4,888,-3000,5939,0,0,-,2025-12-26 09:18:04
568169,マルハン亀有,2025-02-23,Lバンドリ！,935,-3000,4899,0,0,-,2025-12-26 09:18:04
568170,マルハン亀有,2025-02-23,パチスロ　甲鉄城のカバネリ,665,-3000,4984,0,0,-,2025-12-26 09:18:04
568171,マルハン亀有,2025-02-23,L戦国乙女４　戦乱に閃く炯眼の軍師,615,-3100,4994,0,0,-,2025-12-26 09:18:04
568172,マルハン亀有,2025-02-23,スマスロ ゴッドイーター リザレクション,1016,-3100,5144,0,0,-,2025-12-26 09:18:04
568173,マルハン亀有,2025-02-23,沖ドキ!ゴージャス 25Φ,674,-3100,5348,0,0,-,2025-12-26 09:18:04
568174,マルハン亀有,2025-02-23,L ToLOVEるダークネス,589,-3100,5585,0,0,-,2025-12-26 09:18:04
568175,マルハン亀有,2025-02-23,ハッピージャグラーＶＩＩＩ,780,-3200,4576,7,3,1/458,2025-12-26 09:18:04
568176,マルハン亀有,2025-02-23,スマスロ頭文字D 2nd,940,-3200,4275,0,0,-,2025-12-26 09:18:04
568177,マルハン亀有,2025-02-23,スマスロ スーパーブラックジャック,653,-3300,6114,0,0,-,2025-12-26 09:18:04
568178,マルハン亀有,2025-02-23,スマスロ 一方通行 とある魔術の禁書目録,953,-3300,2432,0,0,-,2025-12-26 09:18:04
568179,マルハン亀有,2025-02-23,押忍！番長ＺＥＲＯ,640,-3400,4604,0,0,-,2025-12-26 09:18:04
568180,マルハン亀有,2025-02-23,Lパチスロ革命機ヴァルヴレイヴ,1035,-3400,6544,0,0,-,2025-12-26 09:18:04
568181,マルハン亀有,2025-02-23,Lパチスロ革命機ヴァルヴレイヴ,1029,-3400,8567,0,0,-,2025-12-26 09:18:04
568182,マルハン亀有,2025-02-23,Lパチスロ かぐや様は告らせたい,855,-3600,6388,0,0,-,2025-12-26 09:18:04
568183,マルハン亀有,2025-02-23,沖ドキ!ゴージャス 25Φ,688,-3800,5810,0,0,-,2025-12-26 09:18:04
568184,マルハン亀有,2025-02-23,Lパチスロからくりサーカス,919,-3800,7899,0,0,-,2025-12-26 09:18:04
568185,マルハン亀有,2025-02-23,Lパチスロ かぐや様は告らせたい,857,-3800,4381,0,0,-,2025-12-26 09:18:04
568186,マルハン亀有,2025-02-23,沖ドキ!ゴージャス 25Φ,673,-3900,8446,0,0,-,2025-12-26 09:18:04
568187,マルハン亀有,2025-02-23,スマスロ スーパーブラックジャック,655,-4000,6476,0,0,-,2025-12-26 09:18:04
568188,マルハン亀有,2025-02-23,スマスロ スーパーブラックジャック,656,-4000,5771,0,0,-,2025-12-26 09:18:04
568189,マルハン亀有,2025-02-23,Lパチスロ かぐや様は告らせたい,856,-4200,8400,0,0,-,2025-12-26 09:18:04
568190,マルハン亀有,2025-02-23,Lルパン三世 大航海者の秘宝,957,-4400,4568,0,0,-,2025-12-26 09:18:04
568191,マルハン亀有,2025-02-23,Lパチスロからくりサーカス,898,-4500,5683,0,0,-,2025-12-26 09:18:04
568192,マルハン亀有,2025-02-23,沖ドキ!ゴージャス 25Φ,678,-4500,8060,0,0,-,2025-12-26 09:18:04
568193,マルハン亀有,2025-02-23,スマスロ シャーマンキング,850,-4600,4220,0,0,-,2025-12-26 09:18:04
568194,マルハン亀有,2025-02-23,スマスロ 一方通行 とある魔術の禁書目録,952,-4600,5091,0,0,-,2025-12-26 09:18:04
568195,マルハン亀有,2025-02-23,スーパービンゴネオ,974,-4600,4889,0,0,-,2025-12-26 09:18:04
568196,マルハン亀有,2025-02-23,スマスロ モンスターハンターライズ,597,-4600,5381,0,0,-,2025-12-26 09:18:04
568197,マルハン亀有,2025-02-23,L戦国乙女４　戦乱に閃く炯眼の軍師,621,-4700,7083,0,0,-,2025-12-26 09:18:04
568198,マルハン亀有,2025-02-23,Lルパン三世 大航海者の秘宝,956,-4700,5277,0,0,-,2025-12-26 09:18:04
568199,マルハン亀有,2025-02-23,Lパチスロからくりサーカス,901,-4800,6109,0,0,-,2025-12-26 09:18:04
568200,マルハン亀有,2025-02-23,スマスロ シャーマンキング,849,-4800,4709,0,0,-,2025-12-26 09:18:04
568201,マルハン亀有,2025-02-23,Lサラリーマン金太郎,977,-5100,5576,0,0,-,2025-12-26 09:18:04
568202,マルハン亀有,2025-02-23,Lパチスロからくりサーカス,896,-5700,5307,0,0,-,2025-12-26 09:18:04
568203,マルハン亀有,2025-02-23,スマスロ ゴッドイーター リザレクション,1013,-6100,5932,0,0,-,2025-12-26 09:18:04
568204,マルハン亀有,2025-02-23,スーパービンゴネオ,975,-6800,6064,0,0,-,2025-12-26 09:18:04
568205,マルハン亀有,2025-02-23,L東京喰種,610,-7000,7209,0,0,-,2025-12-26 09:18:04
